tilt,vibration,temperature,humidity,risk
18.0,55,38.6,81.7,HIGH
2.09,13,23.2,45.2,LOW
1.54,15,23.3,49.0,LOW
4.13,33,38.5,82.5,MEDIUM
13.85,66,31.5,73.9,HIGH
6.34,77,38.4,79.2,HIGH
4.57,7,30.4,58.2,LOW
4.12,42,27.5,56.7,MEDIUM
1.06,9,23.3,57.7,LOW
14.97,58,35.8,91.4,HIGH
5.26,42,39.0,84.7,MEDIUM
2.84,16,29.0,58.0,LOW
2.49,7,29.3,49.8,LOW
4.28,40,28.7,61.6,MEDIUM
2.39,20,29.0,57.4,LOW
2.38,11,22.4,59.1,LOW
14.16,53,38.4,72.9,HIGH
13.82,125,36.1,91.7,HIGH
3.43,21,28.3,61.7,LOW
2.4,8,21.7,48.0,LOW
1.31,10,20.5,57.5,LOW
1.35,4,23.8,37.6,LOW
7.34,30,31.3,70.2,MEDIUM
4.2,12,25.5,42.7,LOW
3.97,13,31.5,46.5,LOW
0.85,0,28.1,48.0,LOW
3.41,13,26.8,62.6,LOW
4.63,16,28.2,58.9,MEDIUM
2.5,11,29.3,47.7,LOW
1.92,17,29.9,42.5,LOW
7.42,34,34.5,75.5,MEDIUM
3.81,15,30.0,40.8,LOW
6.22,22,26.1,50.6,MEDIUM
2.48,1,24.0,57.1,LOW
5.38,48,31.1,59.1,MEDIUM
4.38,42,27.1,74.1,MEDIUM
3.12,53,31.2,47.1,MEDIUM
3.82,33,36.0,73.3,MEDIUM
11.72,92,32.9,83.1,HIGH
6.29,34,35.8,77.8,MEDIUM
4.63,53,31.2,66.0,MEDIUM
13.53,82,29.2,71.3,HIGH
2.16,10,30.8,43.0,LOW
6.99,20,33.8,73.6,MEDIUM
3.32,35,36.3,82.8,MEDIUM
13.17,76,36.4,78.2,HIGH
3.71,15,31.0,64.6,LOW
1.01,6,26.3,57.4,LOW
6.05,34,32.8,81.2,MEDIUM
6.23,32,35.5,75.9,MEDIUM
3.06,38,35.0,74.6,MEDIUM
10.03,111,39.5,72.3,HIGH
3.8,1,23.7,40.7,LOW
2.76,13,20.7,35.9,LOW
8.37,89,29.4,70.7,HIGH
2.45,11,31.6,42.0,LOW
2.6,9,29.4,39.9,LOW
3.7,11,27.6,49.9,LOW
2.41,20,31.1,50.7,LOW
7.09,47,31.9,53.1,MEDIUM
2.2,2,30.5,50.5,LOW
15.48,81,36.3,77.3,HIGH
12.22,80,31.9,86.6,HIGH
5.33,57,25.6,55.1,MEDIUM
19.17,93,41.2,81.7,HIGH
18.81,101,30.1,83.3,HIGH
2.62,6,25.2,57.0,LOW
15.12,110,40.0,82.4,HIGH
4.05,11,24.5,52.3,LOW
1.26,6,31.0,61.7,LOW
15.95,85,32.3,81.4,HIGH
1.1,1,24.5,46.9,LOW
7.04,15,33.6,53.9,MEDIUM
2.36,30,22.6,60.2,LOW
3.35,29,33.0,78.4,MEDIUM
1.95,9,23.5,62.2,LOW
8.03,31,29.1,62.4,MEDIUM
7.15,33,32.7,68.0,MEDIUM
3.06,12,22.0,60.6,LOW
6.11,49,35.6,69.8,MEDIUM
2.38,23,21.2,46.0,LOW
5.96,40,30.8,57.1,MEDIUM
1.3,17,24.1,40.1,LOW
1.33,13,20.1,64.1,LOW
3.6,20,36.4,84.3,MEDIUM
5.72,66,31.0,45.6,MEDIUM
5.94,39,25.6,70.1,MEDIUM
0.62,16,22.7,49.3,LOW
13.77,118,43.7,80.9,HIGH
5.9,35,31.4,56.8,MEDIUM
15.87,94,33.9,72.9,HIGH
4.23,20,32.5,75.3,MEDIUM
6.84,35,29.5,73.3,MEDIUM
1.13,7,23.2,59.1,LOW
1.62,20,30.6,46.4,LOW
11.58,92,35.8,88.8,HIGH
5.07,40,36.9,73.9,MEDIUM
2.39,8,23.9,48.5,LOW
3.33,11,25.6,37.9,LOW
24.18,142,40.7,75.1,HIGH
2.01,11,21.2,50.5,LOW
1.51,1,20.1,39.7,LOW
0.38,0,30.5,59.4,LOW
8.21,41,29.4,74.2,MEDIUM
7.24,43,29.1,73.2,MEDIUM
19.7,95,36.1,75.2,HIGH
5.11,17,33.3,61.7,MEDIUM
1.15,23,22.9,33.3,LOW
3.22,47,27.5,53.0,MEDIUM
2.89,6,30.1,39.1,LOW
2.61,13,30.0,47.2,LOW
19.85,79,40.2,86.0,HIGH
4.3,27,27.3,61.8,MEDIUM
6.55,32,32.8,65.8,MEDIUM
3.49,19,25.0,59.4,LOW
7.33,45,32.3,73.2,MEDIUM
2.83,17,29.3,52.9,LOW
18.72,107,31.9,79.1,HIGH
5.79,39,26.4,71.7,MEDIUM
0.95,6,22.5,35.2,LOW
2.37,10,30.2,47.3,LOW
3.13,10,26.4,43.5,LOW
3.17,43,37.4,82.6,MEDIUM
1.01,9,21.7,54.6,LOW
2.4,17,20.7,40.7,LOW
3.03,3,25.1,51.1,LOW
6.82,42,30.5,71.8,MEDIUM
1.44,3,29.6,35.0,LOW
2.86,57,27.6,52.8,MEDIUM
19.46,108,39.9,76.4,HIGH
7.77,93,30.9,73.0,HIGH
11.35,74,33.1,74.7,HIGH
0.9,14,26.0,47.9,LOW
3.84,70,25.7,69.4,MEDIUM
1.23,0,18.8,60.3,LOW
6.16,35,29.2,66.9,MEDIUM
3.49,19,30.7,38.3,LOW
5.91,68,28.9,47.8,MEDIUM
4.74,38,32.6,78.8,MEDIUM
3.37,15,30.2,54.3,LOW
7.2,119,28.3,82.2,HIGH
6.45,33,32.9,68.7,MEDIUM
5.9,44,31.6,69.0,MEDIUM
5.03,50,29.4,62.4,MEDIUM
3.88,11,25.0,36.4,LOW
5.65,24,33.4,78.5,MEDIUM
4.17,26,36.2,71.1,MEDIUM
2.54,1,25.0,42.7,LOW
3.29,17,28.7,47.8,LOW
2.43,21,22.2,53.0,LOW
5.21,49,31.7,52.6,MEDIUM
0.9,13,28.2,48.6,LOW
1.2,19,20.6,38.7,LOW
3.47,14,29.0,51.5,LOW
2.96,22,25.6,36.7,LOW
0.91,16,25.9,41.4,LOW
7.09,52,31.0,71.5,MEDIUM
23.9,147,39.7,79.2,HIGH
8.89,101,33.1,76.1,HIGH
2.79,9,29.4,41.0,LOW
3.24,44,24.8,66.9,MEDIUM
8.59,100,35.4,79.6,HIGH
7.75,35,31.0,60.4,MEDIUM
5.91,37,29.3,77.0,MEDIUM
4.6,40,31.0,71.8,MEDIUM
10.27,118,40.2,82.7,HIGH
2.7,18,21.3,40.5,LOW
11.75,134,39.0,90.6,HIGH
2.41,6,26.0,60.7,LOW
4.16,31,33.6,77.6,MEDIUM
4.54,21,32.4,76.6,MEDIUM
11.81,112,30.6,73.0,HIGH
4.96,22,38.8,80.9,MEDIUM
2.58,2,26.6,60.1,LOW
18.06,78,33.8,83.8,HIGH
3.31,23,26.9,61.6,LOW
2.98,6,22.7,45.1,LOW
2.91,20,21.1,48.4,LOW
5.07,46,27.6,51.5,MEDIUM
2.5,2,30.3,48.0,LOW
2.24,18,30.7,65.8,LOW
19.02,81,33.4,73.8,HIGH
3.07,0,25.6,44.9,LOW
2.52,17,26.3,51.5,LOW
5.36,52,32.0,77.7,MEDIUM
2.36,17,24.2,60.8,LOW
12.36,50,34.8,83.3,HIGH
15.8,83,32.0,82.3,HIGH
1.7,15,29.8,59.2,LOW
3.47,25,37.8,75.2,MEDIUM
4.25,20,27.7,46.6,LOW
6.64,36,32.9,77.2,MEDIUM
1.01,17,19.7,41.1,LOW
3.82,9,30.0,43.8,LOW
0.92,14,24.1,37.2,LOW
1.92,13,24.2,59.8,LOW
4.97,43,29.0,74.1,MEDIUM
0.62,0,21.3,40.2,LOW
4.68,21,38.1,79.0,MEDIUM
13.48,103,40.3,83.9,HIGH
5.62,38,25.5,52.5,MEDIUM
4.68,63,30.7,55.2,MEDIUM
11.95,99,44.9,79.2,HIGH
0.57,13,30.7,42.3,LOW
3.62,21,30.2,58.6,LOW
10.58,139,44.5,84.0,HIGH
3.51,5,31.9,51.5,LOW
0.9,13,20.8,61.9,LOW
23.39,111,43.1,84.2,HIGH
1.84,9,25.8,52.4,LOW
22.91,103,39.9,88.8,HIGH
5.14,44,33.8,70.8,MEDIUM
11.31,90,31.5,63.1,HIGH
8.85,143,28.8,71.1,HIGH
2.22,5,24.0,37.8,LOW
7.11,46,30.7,69.0,MEDIUM
3.49,5,27.6,61.3,LOW
2.68,7,25.7,57.4,LOW
24.04,106,41.2,94.3,HIGH
4.14,70,30.8,59.9,MEDIUM
0.91,13,22.5,51.3,LOW
6.89,45,35.4,76.2,MEDIUM
3.93,51,25.5,66.0,MEDIUM
7.26,32,25.2,67.6,MEDIUM
4.14,48,32.1,51.0,MEDIUM
21.86,97,41.3,76.9,HIGH
3.9,59,29.1,52.5,MEDIUM
4.62,54,29.7,73.6,MEDIUM
2.72,11,24.0,63.5,LOW
6.4,36,29.9,68.5,MEDIUM
6.29,40,29.5,66.7,MEDIUM
10.75,65,36.1,88.5,HIGH
8.94,27,33.1,55.3,MEDIUM
6.04,29,32.7,83.7,MEDIUM
14.31,95,39.5,82.1,HIGH
6.14,33,38.4,72.5,MEDIUM
2.44,25,33.4,32.8,LOW
6.27,41,38.0,76.5,MEDIUM
2.34,54,25.6,57.0,MEDIUM
0.46,11,20.8,60.8,LOW
7.4,34,35.0,64.0,MEDIUM
5.49,45,30.2,59.6,MEDIUM
1.54,14,22.9,44.2,LOW
1.03,15,31.5,52.9,LOW
5.24,54,32.5,48.8,MEDIUM
3.92,3,31.4,44.9,LOW
5.62,32,32.5,68.6,MEDIUM
3.83,14,27.5,45.6,LOW
5.23,39,31.0,68.7,MEDIUM
8.85,136,34.7,70.5,HIGH
2.13,19,25.4,40.5,LOW
1.25,8,24.6,50.8,LOW
3.64,12,30.1,62.0,LOW
19.69,141,42.9,82.9,HIGH
3.9,29,33.9,73.1,MEDIUM
3.43,44,36.5,78.7,MEDIUM
4.83,26,32.3,60.7,MEDIUM
3.31,29,36.0,70.4,MEDIUM
1.84,17,21.2,58.0,LOW
4.82,21,37.1,71.6,MEDIUM
2.65,2,28.0,39.9,LOW
2.25,6,26.6,59.1,LOW
5.02,11,26.3,54.5,MEDIUM
10.27,142,40.9,77.3,HIGH
4.07,68,24.1,64.1,MEDIUM
3.89,14,24.4,43.5,LOW
5.16,44,31.0,56.5,MEDIUM
10.52,124,37.9,85.9,HIGH
2.17,0,22.1,36.6,LOW
2.19,19,25.7,51.9,LOW
7.21,46,33.2,77.8,MEDIUM
2.25,30,25.5,62.9,MEDIUM
1.96,10,29.6,39.0,LOW
3.86,31,36.9,79.4,MEDIUM
3.2,14,28.5,36.5,LOW
22.06,101,42.5,80.4,HIGH
1.71,16,24.9,46.2,LOW
3.36,19,29.3,48.3,LOW
2.4,13,20.6,53.0,LOW
1.29,10,26.0,48.2,LOW
2.29,57,25.2,62.5,MEDIUM
4.33,9,23.7,43.9,LOW
3.56,11,26.2,60.8,LOW
3.06,1,24.2,53.7,LOW
4.03,16,24.4,47.2,LOW
1.98,17,29.6,38.2,LOW
13.86,73,38.6,73.6,HIGH
4.36,63,28.9,66.1,MEDIUM
19.95,84,39.1,81.7,HIGH
2.83,43,29.7,45.7,MEDIUM
1.43,10,21.1,64.2,LOW
3.27,5,27.3,40.7,LOW
1.69,7,30.2,51.5,LOW
3.9,60,27.7,63.5,MEDIUM
16.43,109,36.4,69.6,HIGH
2.41,46,32.8,48.0,MEDIUM
2.61,8,24.9,45.7,LOW
4.95,47,36.0,69.8,MEDIUM
6.36,33,31.0,68.8,MEDIUM
1.95,12,24.0,60.1,LOW
2.59,9,28.6,45.5,LOW
6.33,22,33.3,77.6,MEDIUM
3.6,64,31.8,64.0,MEDIUM
14.92,74,33.8,82.0,HIGH
1.44,2,25.1,54.9,LOW
6.69,48,25.3,68.5,MEDIUM
3.41,9,20.8,33.2,LOW
4.02,16,24.6,39.0,LOW
0.86,3,27.7,50.9,LOW
0.47,8,21.7,43.3,LOW
18.11,115,38.4,75.9,HIGH
3.95,5,25.2,44.4,LOW
3.19,11,30.4,60.3,LOW
3.7,44,31.0,45.5,MEDIUM
1.44,23,32.4,52.0,LOW
10.19,147,37.2,89.4,HIGH
4.72,39,29.0,54.1,MEDIUM
4.29,42,31.7,45.4,MEDIUM
7.1,45,32.8,68.4,MEDIUM
2.21,9,25.0,38.2,LOW
5.91,19,33.9,71.1,MEDIUM
0.31,18,21.3,52.1,LOW
5.21,42,33.1,62.2,MEDIUM
18.0,73,32.9,77.3,HIGH
3.3,4,23.6,56.3,LOW
11.26,76,37.1,67.7,HIGH
0.94,9,20.3,41.2,LOW
4.49,28,32.6,74.4,MEDIUM
2.36,8,21.9,54.8,LOW
3.06,60,27.9,47.3,MEDIUM
0.24,22,22.3,46.1,LOW
2.19,13,26.8,51.9,LOW
3.22,15,30.9,61.8,LOW
2.99,0,22.9,60.3,LOW
14.02,98,30.0,61.4,HIGH
5.18,45,32.9,73.8,MEDIUM
3.77,38,34.8,83.5,MEDIUM
18.74,88,34.6,73.4,HIGH
1.24,16,22.4,40.1,LOW
2.2,2,23.5,54.6,LOW
11.54,115,31.6,68.0,HIGH
5.15,39,33.9,80.6,MEDIUM
13.15,125,28.1,80.1,HIGH
12.58,58,39.8,74.6,HIGH
0.59,18,22.5,51.8,LOW
5.91,40,33.3,62.5,MEDIUM
7.53,38,31.7,73.9,MEDIUM
6.18,98,28.9,70.5,HIGH
4.54,53,25.4,59.7,MEDIUM
2.96,7,26.7,54.1,LOW
4.54,55,24.5,69.8,MEDIUM
2.41,5,23.2,62.1,LOW
4.85,20,35.8,70.9,MEDIUM
11.58,117,29.2,75.7,HIGH
2.84,4,27.0,48.7,LOW
4.97,38,38.3,79.2,MEDIUM
4.72,46,26.3,64.4,MEDIUM
5.43,30,34.2,68.5,MEDIUM
6.23,37,35.2,80.3,MEDIUM
2.33,51,30.4,60.8,MEDIUM
5.21,30,38.1,79.7,MEDIUM
2.65,55,26.7,49.8,MEDIUM
19.65,120,39.3,84.1,HIGH
2.43,8,22.6,45.1,LOW
1.77,18,27.1,49.2,LOW
5.18,38,35.6,63.7,MEDIUM
1.46,10,27.2,54.9,LOW
2.49,13,24.7,58.5,LOW
5.25,42,30.3,76.3,MEDIUM
11.77,143,32.4,75.7,HIGH
5.46,40,30.7,63.6,MEDIUM
15.37,89,43.8,90.9,HIGH
0.94,7,29.6,56.2,LOW
10.36,90,34.2,63.0,HIGH
2.4,8,30.7,56.9,LOW
5.39,16,28.6,51.4,MEDIUM
3.87,16,28.9,51.2,LOW
3.19,21,37.6,76.5,MEDIUM
1.78,12,24.8,60.3,LOW
3.4,5,25.3,43.5,LOW
4.96,28,35.6,75.8,MEDIUM
3.71,19,22.5,51.4,LOW
5.74,40,25.2,72.4,MEDIUM
1.36,9,26.9,44.1,LOW
1.57,20,26.0,55.1,LOW
1.85,10,28.4,37.8,LOW
6.25,28,25.3,64.0,MEDIUM
3.02,18,31.5,44.5,LOW
16.23,93,38.9,79.6,HIGH
6.21,26,36.1,78.0,MEDIUM
1.16,3,30.0,41.1,LOW
12.6,94,30.9,89.9,HIGH
2.96,0,23.8,44.7,LOW
5.81,24,33.5,81.3,MEDIUM
15.18,109,41.9,87.4,HIGH
15.51,59,32.5,85.1,HIGH
14.67,64,34.5,75.2,HIGH
1.06,6,20.8,54.4,LOW
14.36,75,28.6,77.2,HIGH
14.14,139,39.7,91.1,HIGH
7.35,124,29.3,62.3,HIGH
4.95,35,38.3,80.3,MEDIUM
3.97,23,30.1,54.2,LOW
6.16,46,31.9,52.2,MEDIUM
1.12,4,19.8,56.1,LOW
3.77,8,26.0,57.2,LOW
2.02,5,21.2,37.7,LOW
6.57,41,33.8,74.4,MEDIUM
2.9,7,23.0,49.9,LOW
1.43,7,26.9,44.9,LOW
6.83,22,28.0,69.1,MEDIUM
4.19,25,29.2,68.3,MEDIUM
5.48,52,35.4,71.9,MEDIUM
7.28,27,30.6,50.9,MEDIUM
4.55,40,35.0,77.0,MEDIUM
5.48,28,28.3,50.6,MEDIUM
18.06,91,32.6,71.7,HIGH
6.78,92,30.1,75.3,HIGH
4.07,30,38.0,73.4,MEDIUM
3.02,14,25.8,43.6,LOW
0.98,9,27.9,44.2,LOW
0.51,11,29.5,46.7,LOW
2.37,39,28.2,59.8,MEDIUM
1.63,0,21.9,45.4,LOW
0.21,16,26.0,59.3,LOW
20.25,103,38.7,82.7,HIGH
3.08,23,26.3,44.0,LOW
12.58,76,31.9,60.4,HIGH
14.86,94,32.4,66.9,HIGH
6.73,50,27.9,64.9,MEDIUM
1.5,15,30.1,42.0,LOW
5.61,23,33.8,76.2,MEDIUM
16.42,71,35.4,91.1,HIGH
7.49,30,29.5,65.1,MEDIUM
5.28,41,29.1,63.2,MEDIUM
5.71,32,37.0,80.9,MEDIUM
2.33,9,22.2,33.7,LOW
6.87,48,30.6,74.2,MEDIUM
2.13,10,24.0,44.4,LOW
5.1,11,28.6,71.7,MEDIUM
4.94,43,35.5,64.6,MEDIUM
19.88,63,40.3,89.4,HIGH
5.19,29,29.5,67.5,MEDIUM
3.01,5,24.3,40.4,LOW
10.04,63,34.0,84.4,HIGH
2.73,56,26.4,51.8,MEDIUM
3.56,31,38.2,70.6,MEDIUM
0.37,12,32.2,62.6,LOW
0.52,7,27.3,34.5,LOW
17.53,127,41.4,90.2,HIGH
1.41,18,25.0,49.1,LOW
11.97,113,35.0,88.3,HIGH
0.74,14,27.7,48.1,LOW
4.15,16,22.5,57.2,LOW
6.98,96,38.9,87.7,HIGH
16.06,148,41.0,90.9,HIGH
6.79,27,29.2,51.9,MEDIUM
2.07,6,20.8,58.8,LOW
23.59,119,43.9,82.4,HIGH
3.85,42,29.1,64.6,MEDIUM
7.23,132,29.3,85.1,HIGH
13.35,91,43.2,89.9,HIGH
4.45,21,28.4,55.6,MEDIUM
3.11,15,29.7,51.9,LOW
4.94,68,32.5,67.3,MEDIUM
3.25,44,38.2,73.4,MEDIUM
7.81,21,33.9,72.2,MEDIUM
3.68,58,32.5,50.9,MEDIUM
3.19,39,34.5,84.2,MEDIUM
5.96,21,36.9,84.2,MEDIUM
2.67,6,21.0,49.4,LOW
0.11,22,26.3,64.9,LOW
2.79,10,28.6,45.2,LOW
7.48,46,32.6,69.8,MEDIUM
3.51,31,34.5,72.4,MEDIUM
5.18,35,32.1,68.8,MEDIUM
2.98,19,22.2,60.2,LOW
24.99,105,41.5,90.0,HIGH
6.36,53,33.4,64.5,MEDIUM
3.59,23,31.0,52.1,LOW
17.21,56,30.7,84.9,HIGH
13.12,98,31.9,73.0,HIGH
5.96,38,30.0,68.5,MEDIUM
22.82,75,34.3,72.1,HIGH
4.6,37,31.1,65.0,MEDIUM
3.94,22,37.5,77.7,MEDIUM
9.2,123,39.5,79.5,HIGH
1.73,15,27.6,50.2,LOW
4.56,27,25.1,62.0,MEDIUM
3.09,14,25.9,57.4,LOW
8.44,34,32.4,70.7,MEDIUM
12.25,85,37.0,78.8,HIGH
0.63,21,26.4,38.8,LOW
12.18,129,38.4,81.9,HIGH
5.42,49,31.5,75.7,MEDIUM
7.18,37,31.5,62.4,MEDIUM
5.16,35,37.1,81.8,MEDIUM
0.58,8,18.8,49.4,LOW
2.51,17,30.4,39.6,LOW
1.25,13,25.2,37.1,LOW
6.05,27,38.5,76.6,MEDIUM
10.19,133,30.9,63.9,HIGH
14.66,58,41.6,75.2,HIGH
2.23,2,21.0,53.6,LOW
1.6,15,25.8,40.9,LOW
3.38,9,22.1,55.5,LOW
2.49,14,28.2,58.3,LOW
6.3,50,29.5,58.5,MEDIUM
5.2,36,37.6,71.2,MEDIUM
6.09,39,32.9,78.7,MEDIUM
13.76,111,37.0,71.5,HIGH
3.4,43,32.2,67.7,MEDIUM
1.2,23,18.9,41.1,LOW
2.86,4,20.5,53.2,LOW
6.95,18,26.4,64.5,MEDIUM
6.51,38,30.4,63.7,MEDIUM
6.61,23,32.4,61.2,MEDIUM
1.36,11,20.9,61.9,LOW
3.4,10,26.2,50.8,LOW
6.44,20,34.4,77.8,MEDIUM
5.44,49,30.1,58.5,MEDIUM
1.81,19,24.0,37.4,LOW
2.61,47,31.4,56.9,MEDIUM
6.69,42,31.1,65.8,MEDIUM
4.25,5,32.0,32.0,LOW
3.23,20,21.2,47.7,LOW
6.97,39,35.5,68.9,MEDIUM
17.65,116,43.6,80.3,HIGH
19.85,135,43.8,85.0,HIGH
4.79,44,32.1,74.4,MEDIUM
5.87,37,34.3,81.7,MEDIUM
4.62,37,35.2,85.0,MEDIUM
3.42,47,32.4,63.1,MEDIUM
4.51,31,32.5,82.5,MEDIUM
5.0,55,27.7,58.5,MEDIUM
6.04,29,32.8,61.2,MEDIUM
12.65,77,28.3,88.6,HIGH
0.76,19,30.5,57.4,LOW
17.42,81,30.1,76.8,HIGH
23.63,145,37.7,94.9,HIGH
7.29,48,32.0,62.2,MEDIUM
1.03,7,25.6,40.7,LOW
1.6,18,27.1,55.9,LOW
14.64,116,34.1,69.6,HIGH
1.57,18,21.8,39.5,LOW
4.89,21,36.4,77.2,MEDIUM
17.25,141,37.6,88.9,HIGH
2.16,18,22.3,49.1,LOW
2.2,5,27.4,43.7,LOW
18.96,75,31.9,78.0,HIGH
4.82,29,37.9,72.0,MEDIUM
6.85,42,33.6,74.9,MEDIUM
3.69,61,25.8,54.3,MEDIUM
3.97,2,28.2,40.8,LOW
2.95,1,23.3,34.9,LOW
2.16,7,23.5,62.8,LOW
0.91,12,21.9,37.4,LOW
5.48,32,37.7,80.7,MEDIUM
2.43,31,27.4,55.8,MEDIUM
2.19,6,22.2,50.7,LOW
1.59,13,22.0,48.4,LOW
5.41,53,33.5,73.7,MEDIUM
2.16,7,32.7,46.1,LOW
1.49,6,21.9,41.3,LOW
4.53,44,37.1,77.5,MEDIUM
4.75,52,29.8,64.2,MEDIUM
3.31,3,28.0,48.1,LOW
11.69,153,28.8,76.1,HIGH
11.98,76,39.3,75.8,HIGH
1.82,3,25.9,53.0,LOW
15.23,100,36.2,81.0,HIGH
12.03,87,34.6,62.1,HIGH
5.04,35,35.2,75.4,MEDIUM
15.8,143,41.4,86.1,HIGH
1.76,22,20.6,43.1,LOW
3.03,27,38.4,81.5,MEDIUM
18.39,85,40.6,94.7,HIGH
1.81,12,26.8,60.0,LOW
3.09,49,26.4,53.9,MEDIUM
2.8,9,21.7,40.3,LOW
4.53,42,37.1,72.0,MEDIUM
5.7,32,30.0,76.1,MEDIUM
3.91,18,20.7,54.7,LOW
2.99,23,28.7,40.2,LOW
2.98,16,26.8,63.2,LOW
2.93,5,28.6,37.6,LOW
4.51,39,24.9,67.0,MEDIUM
4.94,43,24.2,57.1,MEDIUM
17.33,101,35.0,66.5,HIGH
20.83,81,34.8,76.3,HIGH
3.76,21,32.0,78.6,MEDIUM
9.28,92,38.0,83.1,HIGH
1.46,19,25.5,47.8,LOW
1.06,7,25.5,35.9,LOW
6.65,39,33.5,58.4,MEDIUM
3.98,16,24.1,49.1,LOW
1.87,18,23.8,48.2,LOW
5.14,39,25.3,53.2,MEDIUM
1.62,0,23.3,54.8,LOW
5.87,40,33.9,84.3,MEDIUM
10.18,52,33.2,83.4,HIGH
3.96,33,34.9,70.8,MEDIUM
7.23,50,30.0,64.9,MEDIUM
2.92,23,24.1,37.3,LOW
6.09,23,28.9,73.5,MEDIUM
1.81,17,30.0,50.1,LOW
4.69,57,28.1,51.1,MEDIUM
3.44,0,29.2,53.2,LOW
3.83,13,24.4,41.8,LOW
2.85,44,24.3,54.7,MEDIUM
17.09,130,44.9,90.8,HIGH
10.13,52,33.9,90.4,HIGH
2.73,20,28.9,55.9,LOW
2.83,14,27.2,58.3,LOW
4.41,63,30.6,55.2,MEDIUM
5.07,40,37.8,79.9,MEDIUM
4.95,40,26.5,58.4,MEDIUM
5.57,37,32.4,68.6,MEDIUM
0.36,2,21.6,40.6,LOW
4.74,53,30.0,75.5,MEDIUM
2.88,4,27.1,54.0,LOW
4.05,12,29.4,37.1,LOW
0.58,14,26.6,55.1,LOW
3.53,24,26.6,52.0,LOW
5.14,38,34.7,70.4,MEDIUM
4.46,24,35.5,73.6,MEDIUM
1.23,13,25.1,38.7,LOW
11.44,100,30.3,78.3,HIGH
5.5,25,29.9,69.0,MEDIUM
0.59,3,25.1,58.5,LOW
2.94,17,31.1,52.0,LOW
14.46,93,36.3,75.8,HIGH
3.41,18,22.9,35.9,LOW
4.0,44,27.7,64.9,MEDIUM
4.32,40,28.2,55.9,MEDIUM
2.03,13,30.4,50.1,LOW
2.99,13,24.8,58.1,LOW
0.65,15,20.9,62.2,LOW
3.07,19,21.9,44.2,LOW
4.33,24,32.5,84.6,MEDIUM
2.77,12,30.1,34.9,LOW
3.82,53,31.6,59.6,MEDIUM
3.4,3,21.7,46.7,LOW
12.11,90,30.3,77.6,HIGH
0.35,21,28.8,42.7,LOW
7.84,22,28.5,53.2,MEDIUM
12.85,128,38.4,83.1,HIGH
1.9,13,27.0,34.3,LOW
2.64,7,25.9,47.9,LOW
4.38,21,23.3,35.9,LOW
18.8,94,42.0,84.3,HIGH
3.24,14,27.9,57.4,LOW
2.83,4,21.9,54.8,LOW
3.29,55,30.4,69.6,MEDIUM
4.92,40,25.6,74.2,MEDIUM
2.53,18,31.9,59.3,LOW
1.75,3,23.8,54.4,LOW
3.48,3,23.7,52.8,LOW
0.28,21,32.4,46.0,LOW
4.68,20,25.5,66.0,MEDIUM
0.94,17,23.4,57.9,LOW
7.75,34,31.2,50.7,MEDIUM
6.45,32,35.7,66.7,MEDIUM
3.44,7,24.6,54.7,LOW
2.15,14,25.6,57.3,LOW
3.65,14,28.1,37.9,LOW
3.46,22,28.6,40.5,LOW
3.33,7,25.5,41.1,LOW
15.95,103,29.3,71.1,HIGH
6.89,54,35.8,75.5,MEDIUM
2.29,8,24.2,60.8,LOW
2.78,14,22.7,47.3,LOW
5.95,11,28.9,63.4,MEDIUM
10.29,121,33.3,62.4,HIGH
7.28,47,26.9,57.6,MEDIUM
2.47,0,26.3,58.2,LOW
11.69,60,39.4,88.9,HIGH
6.26,122,34.1,81.8,HIGH
11.37,114,36.5,86.1,HIGH
17.54,80,31.7,67.0,HIGH
3.99,29,38.3,78.7,MEDIUM
0.91,24,29.3,48.2,LOW
3.38,10,26.6,57.6,LOW
7.45,50,33.9,74.2,MEDIUM
4.51,51,31.3,64.1,MEDIUM
5.21,41,30.7,67.7,MEDIUM
2.56,2,25.1,59.3,LOW
0.97,16,29.4,64.2,LOW
15.09,127,43.3,80.4,HIGH
3.56,28,34.3,72.8,MEDIUM
12.72,91,41.8,82.6,HIGH
3.31,22,30.8,58.7,LOW
3.89,36,37.8,82.3,MEDIUM
6.75,35,32.6,64.9,MEDIUM
0.63,13,24.0,47.1,LOW
6.35,33,34.5,71.5,MEDIUM
3.48,33,29.5,67.0,MEDIUM
6.28,98,38.2,79.1,HIGH
2.65,19,28.1,34.0,LOW
3.5,16,26.9,42.2,LOW
4.63,34,33.0,63.1,MEDIUM
6.18,43,35.2,78.2,MEDIUM
1.15,21,30.9,51.6,LOW
1.87,13,19.0,41.9,LOW
2.04,8,31.0,48.2,LOW
2.62,14,24.8,65.7,LOW
7.12,53,35.0,67.7,MEDIUM
3.21,3,30.7,35.4,LOW
2.22,11,25.7,61.4,LOW
3.88,13,26.1,56.2,LOW
4.39,48,31.1,66.0,MEDIUM
2.19,15,26.6,57.6,LOW
10.6,100,38.8,74.6,HIGH
2.22,4,27.1,55.7,LOW
3.7,2,20.9,35.9,LOW
2.47,1,21.6,60.5,LOW
4.75,28,38.7,75.1,MEDIUM
6.4,42,30.5,75.2,MEDIUM
5.99,27,33.8,81.0,MEDIUM
21.07,93,40.5,72.9,HIGH
21.13,77,30.1,79.5,HIGH
2.91,17,21.2,42.5,LOW
8.48,36,30.3,55.8,MEDIUM
8.04,12,30.1,51.5,MEDIUM
1.09,5,22.7,48.9,LOW
12.44,79,35.7,87.1,HIGH
2.72,0,23.6,55.1,LOW
1.6,7,23.2,60.4,LOW
5.21,56,29.5,65.7,MEDIUM
5.86,26,34.6,78.7,MEDIUM
15.58,73,42.0,80.3,HIGH
12.99,63,35.0,60.3,HIGH
4.18,28,28.4,62.6,MEDIUM
0.77,13,28.3,39.1,LOW
5.29,39,33.2,70.7,MEDIUM
0.18,22,29.8,57.0,LOW
15.51,65,30.6,67.7,HIGH
3.08,18,28.5,40.9,LOW
1.43,8,22.3,58.6,LOW
3.22,19,21.5,57.7,LOW
3.44,17,24.7,56.6,LOW
1.73,6,22.6,36.4,LOW
0.9,14,27.0,44.6,LOW
6.49,30,31.8,65.3,MEDIUM
1.69,10,28.2,58.8,LOW
2.35,29,29.9,53.7,MEDIUM
5.13,43,30.8,66.0,MEDIUM
2.92,9,29.2,60.0,LOW
4.37,66,32.9,68.1,MEDIUM
3.61,19,31.0,48.7,LOW
1.93,1,27.3,59.5,LOW
7.27,36,28.7,61.5,MEDIUM
3.51,8,23.0,36.1,LOW
2.74,21,23.7,58.0,LOW
2.94,19,31.1,44.1,LOW
7.53,78,35.7,75.2,HIGH
3.31,40,31.4,45.7,MEDIUM
2.62,4,20.2,52.3,LOW
3.52,3,22.7,33.0,LOW
5.12,41,31.7,53.5,MEDIUM
6.69,30,34.4,71.6,MEDIUM
2.77,6,21.9,48.1,LOW
9.31,94,37.6,81.6,HIGH
1.45,15,25.2,58.1,LOW
3.23,12,27.3,40.9,LOW
2.8,22,23.9,53.2,LOW
3.02,7,29.1,38.8,LOW
0.42,21,27.6,36.4,LOW
2.31,7,26.8,57.0,LOW
2.99,43,31.4,59.5,MEDIUM
6.78,68,30.0,91.4,HIGH
2.86,16,30.7,62.3,LOW
4.91,51,31.4,65.0,MEDIUM
2.07,8,26.8,42.0,LOW
6.2,41,35.9,66.6,MEDIUM
10.89,104,32.5,89.3,HIGH
18.36,131,35.6,93.7,HIGH
5.39,34,29.5,69.5,MEDIUM
1.81,13,23.1,58.5,LOW
2.51,5,28.2,51.6,LOW
3.0,53,29.0,61.2,MEDIUM
3.08,8,24.7,56.5,LOW
2.42,9,26.7,61.0,LOW
8.8,79,32.8,85.5,HIGH
22.35,141,39.1,78.3,HIGH
2.29,0,20.4,49.3,LOW
2.38,11,29.7,45.1,LOW
3.52,20,28.4,41.4,LOW
3.13,5,29.8,36.8,LOW
7.87,17,31.6,71.7,MEDIUM
18.95,69,35.6,85.1,HIGH
1.56,27,29.5,54.2,LOW
8.76,16,25.9,58.4,MEDIUM
0.24,11,28.2,35.8,LOW
0.44,11,23.4,57.3,LOW
4.02,23,25.5,43.3,LOW
2.07,25,26.6,43.2,LOW
5.37,26,28.6,66.5,MEDIUM
2.64,5,21.0,54.9,LOW
12.51,76,33.5,87.2,HIGH
3.96,48,29.7,65.7,MEDIUM
22.57,88,42.3,79.1,HIGH
2.17,14,23.1,50.3,LOW
9.26,104,32.3,69.1,HIGH
6.13,39,29.8,65.3,MEDIUM
2.76,53,28.6,60.6,MEDIUM
3.59,6,27.7,50.2,LOW
4.84,38,33.7,53.3,MEDIUM
4.69,60,29.8,47.4,MEDIUM
2.37,19,31.2,57.0,LOW
5.68,31,33.8,76.5,MEDIUM
3.79,13,30.3,40.9,LOW
5.2,44,28.2,59.7,MEDIUM
5.44,59,27.4,64.9,MEDIUM
3.15,9,27.2,50.7,LOW
6.61,48,35.0,75.0,MEDIUM
7.08,52,35.0,65.0,MEDIUM
1.76,7,27.7,58.7,LOW
4.23,38,34.9,83.6,MEDIUM
0.49,14,27.3,51.1,LOW
11.59,81,35.6,81.5,HIGH
5.93,27,32.1,75.6,MEDIUM
21.4,131,43.8,85.9,HIGH
3.33,32,35.5,74.3,MEDIUM
11.76,58,34.9,75.2,HIGH
8.92,68,35.3,72.4,HIGH
10.34,62,38.9,67.4,HIGH
20.07,137,38.9,93.7,HIGH
7.26,50,31.1,73.3,MEDIUM
2.85,15,26.2,36.7,LOW
5.07,47,33.8,71.8,MEDIUM
12.78,115,28.9,83.8,HIGH
4.33,44,29.6,46.5,MEDIUM
1.85,12,21.8,61.8,LOW
7.7,138,34.0,75.3,HIGH
3.51,1,29.9,45.1,LOW
10.13,97,34.8,62.5,HIGH
0.64,4,26.5,41.2,LOW
7.66,29,27.8,54.7,MEDIUM
1.17,22,30.4,51.3,LOW
3.84,17,25.9,58.1,LOW
2.68,56,28.7,63.7,MEDIUM
4.0,20,25.5,49.0,LOW
17.74,125,43.1,90.3,HIGH
3.36,28,32.1,82.5,MEDIUM
23.17,141,44.7,78.9,HIGH
2.99,9,23.9,48.7,LOW
9.14,55,35.1,79.8,HIGH
7.12,36,34.4,66.2,MEDIUM
3.41,8,27.8,37.7,LOW
0.53,18,29.5,59.0,LOW
3.94,40,37.9,83.5,MEDIUM
11.34,79,31.6,68.6,HIGH
4.68,41,32.8,70.6,MEDIUM
0.48,19,27.1,61.1,LOW
18.12,126,40.2,81.2,HIGH
0.38,8,23.2,40.1,LOW
5.68,60,26.4,51.2,MEDIUM
5.63,25,32.5,83.7,MEDIUM
3.89,11,28.7,46.3,LOW
2.57,12,20.3,62.2,LOW
13.78,107,40.4,84.8,HIGH
0.88,17,32.7,52.6,LOW
4.12,4,23.6,59.3,LOW
0.78,7,29.0,47.0,LOW
2.11,20,28.6,53.8,LOW
18.91,107,40.9,88.9,HIGH
16.16,82,37.1,94.9,HIGH
20.78,108,41.6,94.6,HIGH
3.38,22,20.7,38.9,LOW
0.43,4,25.6,59.8,LOW
5.19,43,36.5,81.8,MEDIUM
18.93,111,43.0,91.4,HIGH
8.38,16,29.9,64.9,MEDIUM
14.51,92,31.5,70.9,HIGH
1.14,21,25.5,43.7,LOW
0.38,8,26.4,53.6,LOW
5.98,37,31.2,50.5,MEDIUM
3.33,4,21.0,45.8,LOW
4.34,34,33.8,70.4,MEDIUM
5.36,34,35.5,76.2,MEDIUM
2.06,52,29.2,58.2,MEDIUM
3.3,51,30.4,53.4,MEDIUM
3.63,22,37.5,82.1,MEDIUM
1.39,8,32.2,48.2,LOW
6.07,31,34.5,69.5,MEDIUM
3.38,7,24.9,47.8,LOW
3.27,7,29.6,36.5,LOW
1.19,7,27.5,48.5,LOW
1.92,20,25.8,50.0,LOW
23.54,106,43.2,77.9,HIGH
2.67,20,20.7,53.6,LOW
0.52,17,27.1,36.7,LOW
0.47,16,21.0,57.0,LOW
8.17,101,34.5,72.6,HIGH
7.9,84,34.4,71.2,HIGH
0.92,3,24.0,44.4,LOW
2.98,18,26.9,49.6,LOW
19.24,70,36.2,67.1,HIGH
8.66,24,26.5,74.0,MEDIUM
2.91,2,23.5,54.1,LOW
3.51,21,38.6,72.3,MEDIUM
2.4,53,30.9,46.5,MEDIUM
3.02,19,23.3,56.4,LOW
20.34,118,39.9,93.7,HIGH
4.79,26,39.0,79.6,MEDIUM
1.03,5,23.6,50.3,LOW
13.36,125,36.1,78.0,HIGH
4.06,49,30.0,57.1,MEDIUM
6.94,54,30.4,68.2,MEDIUM
4.5,23,37.1,81.3,MEDIUM
18.07,93,37.2,86.4,HIGH
3.82,5,31.3,53.6,LOW
2.45,9,21.5,36.9,LOW
16.12,77,32.8,72.3,HIGH
14.79,88,35.7,66.7,HIGH
1.75,3,21.7,56.1,LOW
15.97,108,34.8,74.6,HIGH
1.23,6,23.6,60.2,LOW
19.2,55,38.8,73.5,HIGH
2.51,3,22.1,56.5,LOW
3.08,8,21.3,38.2,LOW
3.71,11,30.8,35.2,LOW
4.27,56,30.4,49.6,MEDIUM
4.47,56,25.8,50.0,MEDIUM
5.53,40,26.2,60.1,MEDIUM
3.15,23,20.6,41.8,LOW
13.55,96,34.4,82.1,HIGH
1.62,12,26.8,61.7,LOW
3.34,13,25.2,41.6,LOW
2.2,1,28.9,44.3,LOW
4.75,41,35.7,71.8,MEDIUM
0.69,9,29.2,45.4,LOW
6.39,49,29.0,67.0,MEDIUM
4.55,28,35.0,82.3,MEDIUM
1.24,12,23.1,54.0,LOW
2.22,58,27.8,55.6,MEDIUM
2.83,7,30.5,62.2,LOW
5.49,29,30.1,62.8,MEDIUM
5.41,15,25.5,72.4,MEDIUM
2.38,25,28.0,33.4,LOW
2.11,22,27.0,38.8,LOW
4.7,43,37.3,82.1,MEDIUM
3.2,12,22.1,53.3,LOW
3.19,0,31.4,59.2,LOW
3.72,5,22.1,45.9,LOW
1.98,2,29.2,45.7,LOW
5.86,46,27.0,62.4,MEDIUM
1.34,8,26.8,62.0,LOW
1.97,19,24.4,47.3,LOW
12.0,65,31.4,63.1,HIGH
4.7,46,31.7,52.9,MEDIUM
1.82,19,30.9,43.2,LOW
0.29,6,25.9,59.9,LOW
3.58,4,23.1,41.7,LOW
1.26,16,22.7,49.8,LOW
2.67,8,28.8,49.7,LOW
9.55,86,34.4,90.1,HIGH
2.3,8,30.1,57.5,LOW
6.22,39,32.6,79.9,MEDIUM
5.58,51,34.1,71.6,MEDIUM
8.19,25,28.1,53.5,MEDIUM
3.05,13,27.0,56.7,LOW
4.8,29,37.7,70.8,MEDIUM
5.1,26,31.9,55.7,MEDIUM
3.53,10,28.2,50.6,LOW
13.43,102,36.7,79.7,HIGH
6.25,47,33.6,75.7,MEDIUM
3.45,43,33.8,79.3,MEDIUM
6.21,41,31.8,63.0,MEDIUM
4.51,55,25.9,45.6,MEDIUM
8.71,103,37.5,81.5,HIGH
8.1,28,33.7,65.0,MEDIUM
4.66,36,32.7,59.1,MEDIUM
5.45,42,30.5,70.3,MEDIUM
2.02,13,30.8,39.5,LOW
2.79,13,23.8,36.2,LOW
3.01,25,19.4,56.2,LOW
9.97,134,29.6,69.1,HIGH
3.03,15,22.0,48.3,LOW
1.77,22,25.1,41.0,LOW
2.44,21,26.7,48.3,LOW
4.57,49,32.5,70.5,MEDIUM
2.99,63,31.5,69.1,MEDIUM
4.02,11,20.8,47.1,LOW
3.64,9,26.1,65.7,LOW
2.79,16,27.5,58.6,LOW
15.3,140,41.7,94.6,HIGH
0.95,0,30.2,42.2,LOW
2.3,11,23.8,41.4,LOW
0.43,11,19.2,57.2,LOW
2.27,60,24.3,47.6,MEDIUM
2.48,14,24.7,49.2,LOW
13.97,104,35.7,94.9,HIGH
2.65,13,22.0,51.3,LOW
1.69,10,30.2,43.6,LOW
1.77,14,23.5,52.5,LOW
6.99,42,30.5,62.6,MEDIUM
6.39,18,29.2,54.8,MEDIUM
3.47,10,30.2,53.2,LOW
2.17,3,28.5,53.7,LOW
5.8,12,29.0,61.5,MEDIUM
2.48,3,25.5,58.2,LOW
5.51,62,26.1,47.3,MEDIUM
2.76,14,29.7,38.0,LOW
2.6,9,27.5,50.4,LOW
2.09,10,27.7,58.8,LOW
19.96,84,39.2,87.7,HIGH
3.47,0,26.0,58.9,LOW
7.08,54,29.4,64.4,MEDIUM
7.83,30,28.3,54.0,MEDIUM
1.72,1,31.7,51.6,LOW
6.37,52,30.3,68.4,MEDIUM
3.1,11,21.3,38.0,LOW
3.26,13,25.7,40.9,LOW
4.18,22,25.7,51.5,LOW
6.73,33,25.6,53.1,MEDIUM
4.28,38,28.2,53.1,MEDIUM
9.91,97,40.1,83.4,HIGH
4.71,53,29.1,72.9,MEDIUM
1.91,6,28.4,37.2,LOW
3.13,16,21.6,63.5,LOW
19.69,72,36.1,75.8,HIGH
0.31,13,25.1,52.2,LOW
2.56,17,27.2,57.9,LOW
2.58,14,29.3,54.9,LOW
3.99,30,36.5,73.3,MEDIUM
3.98,25,35.7,72.2,MEDIUM
7.51,108,37.0,66.4,HIGH
2.17,24,27.8,58.4,LOW
5.21,50,34.2,62.6,MEDIUM
5.02,39,31.7,67.8,MEDIUM
1.01,4,25.4,36.1,LOW
0.3,20,26.4,48.6,LOW
4.61,26,32.4,81.7,MEDIUM
17.88,80,35.5,76.2,HIGH
5.52,49,27.9,50.0,MEDIUM
1.57,5,21.0,35.2,LOW
17.88,101,37.0,86.3,HIGH
3.84,22,36.2,78.7,MEDIUM
8.15,46,27.7,66.5,MEDIUM
2.55,18,28.1,46.2,LOW
2.43,5,28.4,40.5,LOW
22.03,118,42.3,93.8,HIGH
0.96,12,24.5,35.5,LOW
8.5,101,29.8,87.3,HIGH
3.67,9,24.2,36.6,LOW
3.18,20,29.1,55.7,LOW
13.75,83,39.2,71.4,HIGH
1.8,11,29.6,62.2,LOW
6.26,33,34.2,82.4,MEDIUM
11.91,145,36.5,86.5,HIGH
14.83,103,41.6,87.8,HIGH
2.83,18,29.9,39.7,LOW
1.81,6,28.3,49.2,LOW
0.64,6,24.4,36.4,LOW
5.86,34,38.1,84.7,MEDIUM
3.94,4,20.1,43.8,LOW
16.9,137,38.1,94.1,HIGH
15.54,67,34.8,69.0,HIGH
12.15,87,39.7,75.3,HIGH
2.68,26,23.9,48.1,LOW
15.69,128,35.6,75.1,HIGH
4.3,43,31.8,53.3,MEDIUM
4.52,21,38.9,72.0,MEDIUM
0.12,15,26.5,35.0,LOW
2.4,23,19.9,58.0,LOW
4.63,33,35.3,71.9,MEDIUM
2.28,53,27.7,56.3,MEDIUM
21.27,96,40.6,86.2,HIGH
10.84,87,36.7,77.2,HIGH
0.59,5,22.5,41.2,LOW
4.5,12,23.4,57.0,LOW
7.45,62,34.4,77.0,HIGH
4.82,42,34.1,67.6,MEDIUM
8.46,36,29.6,66.3,MEDIUM
3.91,60,24.4,68.3,MEDIUM
3.83,11,23.7,61.3,LOW
12.92,145,28.5,63.8,HIGH
3.98,11,26.2,43.4,LOW
1.06,4,25.3,60.8,LOW
1.35,19,26.7,57.6,LOW
1.47,9,28.8,46.3,LOW
2.6,47,25.2,47.1,MEDIUM
2.14,10,27.1,63.7,LOW
3.22,20,31.8,43.7,LOW
14.04,96,29.7,73.4,HIGH
2.69,4,24.8,46.2,LOW
5.29,19,29.1,58.7,MEDIUM
5.37,32,34.3,71.8,MEDIUM
0.6,6,24.4,34.0,LOW
5.18,32,32.7,80.0,MEDIUM
2.77,7,26.8,60.3,LOW
3.06,33,32.9,70.2,MEDIUM
6.08,35,33.9,75.5,MEDIUM
8.47,24,30.6,73.0,MEDIUM
0.66,6,25.9,51.4,LOW
6.17,33,29.6,65.8,MEDIUM
18.81,86,35.4,75.2,HIGH
5.87,29,37.3,84.1,MEDIUM
4.64,51,32.7,71.4,MEDIUM
1.92,5,23.1,60.1,LOW
4.43,27,38.3,76.3,MEDIUM
8.17,43,26.6,55.3,MEDIUM
4.51,41,32.5,67.5,MEDIUM
21.56,52,35.7,75.2,HIGH
7.3,48,33.5,74.4,MEDIUM
3.69,10,23.8,53.1,LOW
1.58,24,25.5,36.0,LOW
3.73,21,25.1,62.9,LOW
4.29,43,28.0,64.4,MEDIUM
2.23,20,28.4,39.0,LOW
0.49,21,30.3,34.7,LOW
3.61,14,24.2,52.9,LOW
6.35,33,36.0,77.8,MEDIUM
16.9,116,44.7,85.4,HIGH
12.58,136,37.9,63.5,HIGH
6.91,34,34.0,71.1,MEDIUM
10.42,132,42.9,87.9,HIGH
15.89,83,34.5,83.9,HIGH
3.81,1,19.0,44.7,LOW
2.2,57,30.9,52.8,MEDIUM
5.0,32,25.4,60.3,MEDIUM
3.17,44,34.0,70.6,MEDIUM
5.55,13,27.5,71.4,MEDIUM
2.23,7,30.6,59.6,LOW
3.13,40,33.5,73.5,MEDIUM
3.3,13,21.6,37.8,LOW
1.62,14,25.6,42.8,LOW
5.19,16,25.9,58.8,MEDIUM
5.95,51,31.0,64.1,MEDIUM
2.22,9,30.7,56.9,LOW
7.26,31,35.5,74.7,MEDIUM
13.66,105,35.5,75.6,HIGH
12.93,85,32.4,78.5,HIGH
21.5,94,36.9,94.1,HIGH
17.11,78,33.5,81.7,HIGH
3.06,22,38.8,77.0,MEDIUM
0.9,4,27.1,61.2,LOW
1.03,18,30.3,49.7,LOW
3.5,4,24.7,59.9,LOW
6.79,28,30.3,68.1,MEDIUM
4.44,35,35.3,84.4,MEDIUM
14.95,85,31.1,68.6,HIGH
1.37,19,20.3,47.2,LOW
1.94,3,22.1,37.6,LOW
2.52,6,20.7,38.0,LOW
5.36,32,34.2,62.8,MEDIUM
13.89,114,31.2,85.2,HIGH
3.61,13,30.6,54.1,LOW
10.37,120,37.7,61.2,HIGH
6.94,31,28.4,65.6,MEDIUM
0.9,15,22.4,55.1,LOW
3.22,0,25.1,58.7,LOW
3.49,18,28.0,42.6,LOW
5.76,47,25.3,51.9,MEDIUM
20.12,147,38.2,75.9,HIGH
5.51,31,35.2,71.3,MEDIUM
3.8,38,32.2,70.2,MEDIUM
1.73,14,24.3,44.8,LOW
11.64,115,29.5,63.9,HIGH
1.73,12,24.4,47.2,LOW
12.18,110,44.6,78.0,HIGH
12.48,98,37.3,80.5,HIGH
5.46,38,36.5,76.3,MEDIUM
1.69,1,20.0,41.8,LOW
21.14,141,42.1,76.1,HIGH
2.36,9,27.4,48.8,LOW
0.97,21,26.3,61.3,LOW
0.63,21,19.6,39.3,LOW
4.61,38,34.8,75.9,MEDIUM
3.03,19,23.4,49.4,LOW
20.46,138,37.7,77.3,HIGH
3.64,13,30.0,51.3,LOW
3.89,10,26.6,57.8,LOW
5.31,40,34.4,64.0,MEDIUM
0.9,0,30.6,54.1,LOW
0.99,14,30.1,49.6,LOW
6.43,45,30.6,67.1,MEDIUM
2.99,21,23.2,57.4,LOW
7.35,39,30.7,63.1,MEDIUM
6.15,32,33.3,66.2,MEDIUM
0.71,0,22.1,38.9,LOW
2.7,16,21.4,50.2,LOW
6.02,25,28.7,60.6,MEDIUM
20.56,118,39.1,93.9,HIGH
4.85,50,31.8,73.1,MEDIUM
4.58,49,32.1,51.1,MEDIUM
5.96,31,35.7,79.7,MEDIUM
2.98,0,24.4,41.7,LOW
6.86,18,32.0,58.4,MEDIUM
0.47,8,28.2,60.5,LOW
1.31,19,21.0,41.4,LOW
4.91,26,34.3,79.2,MEDIUM
22.42,88,37.1,85.8,HIGH
4.09,20,25.0,36.8,LOW
6.54,28,27.4,63.9,MEDIUM
1.86,2,26.0,55.6,LOW
1.89,14,23.0,39.1,LOW
2.51,17,30.8,45.5,LOW
5.19,30,30.2,66.6,MEDIUM
3.34,8,22.7,60.8,LOW
19.9,113,38.4,88.2,HIGH
14.79,120,30.0,73.9,HIGH
2.06,31,32.3,52.6,MEDIUM
10.93,112,39.0,80.3,HIGH
5.41,35,33.6,77.5,MEDIUM
1.97,0,29.9,54.9,LOW
11.97,88,36.2,70.2,HIGH
2.72,0,23.0,43.4,LOW
7.4,33,25.9,70.6,MEDIUM
3.62,18,25.7,35.1,LOW
3.33,38,32.6,80.1,MEDIUM
2.72,53,25.7,46.8,MEDIUM
5.11,44,34.0,72.4,MEDIUM
2.88,4,20.6,42.9,LOW
1.86,19,21.1,63.3,LOW
4.86,54,29.1,73.5,MEDIUM
4.08,35,25.5,65.9,MEDIUM
18.95,81,41.0,84.6,HIGH
14.33,108,37.8,88.9,HIGH
4.81,31,37.8,81.9,MEDIUM
2.12,7,29.8,35.0,LOW
10.99,131,36.9,80.5,HIGH
4.84,42,32.1,61.2,MEDIUM
0.72,9,31.7,45.6,LOW
24.75,103,39.4,80.1,HIGH
1.34,5,22.3,59.8,LOW
4.4,39,37.6,81.6,MEDIUM
5.88,29,28.3,46.3,MEDIUM
16.0,126,44.7,77.8,HIGH
2.6,13,32.5,49.2,LOW
4.37,5,25.2,57.8,LOW
20.08,121,44.9,86.6,HIGH
3.9,20,21.3,52.9,LOW
3.63,12,27.3,39.5,LOW
2.88,53,26.2,59.5,MEDIUM
8.23,50,27.3,63.4,MEDIUM
9.01,116,36.5,89.7,HIGH
2.3,21,21.6,54.1,LOW
12.33,87,40.6,89.0,HIGH
0.75,16,31.9,53.2,LOW
5.44,48,34.3,66.0,MEDIUM
5.06,56,30.2,46.7,MEDIUM
16.51,94,39.5,82.0,HIGH
2.69,16,23.0,54.5,LOW
0.79,18,21.3,59.9,LOW
1.32,13,29.3,48.8,LOW
7.31,24,31.6,52.3,MEDIUM
1.14,15,29.6,39.5,LOW
1.61,4,24.1,41.6,LOW
13.61,81,38.7,77.3,HIGH
11.64,88,36.6,89.5,HIGH
1.67,18,25.6,56.4,LOW
21.15,53,41.9,73.8,HIGH
7.23,44,29.1,74.0,MEDIUM
3.02,10,20.1,41.0,LOW
3.82,15,19.8,39.0,LOW
1.25,17,30.7,58.8,LOW
5.76,40,29.2,50.1,MEDIUM
1.66,5,23.6,45.7,LOW
1.9,14,29.0,39.7,LOW
2.94,14,24.6,46.1,LOW
5.63,48,29.6,69.0,MEDIUM
1.27,12,28.2,36.5,LOW
3.29,7,30.3,38.8,LOW
2.76,17,24.1,56.4,LOW
2.42,21,20.8,39.8,LOW
6.82,109,30.7,64.5,HIGH
0.85,22,28.3,50.1,LOW
2.18,16,28.8,52.4,LOW
5.45,39,39.0,80.8,MEDIUM
2.88,0,30.9,52.6,LOW
1.84,8,29.0,48.6,LOW
11.0,143,29.4,68.8,HIGH
11.05,88,30.4,81.0,HIGH
6.1,30,31.0,71.0,MEDIUM
0.86,17,25.1,63.2,LOW
2.15,10,28.3,36.0,LOW
5.59,21,37.7,72.9,MEDIUM
2.45,13,26.3,43.2,LOW
0.9,22,23.1,50.9,LOW
0.93,6,29.3,50.4,LOW
2.79,13,20.6,53.7,LOW
15.5,135,37.5,62.0,HIGH
1.52,5,30.3,54.9,LOW
3.45,14,29.3,55.9,LOW
5.47,40,25.4,45.3,MEDIUM
7.95,45,31.1,52.9,MEDIUM
24.64,109,45.0,89.9,HIGH
4.12,17,28.7,50.5,MEDIUM
1.42,10,25.6,50.4,LOW
3.33,1,20.1,56.4,LOW
2.74,17,25.6,35.3,LOW
6.24,38,29.8,77.7,MEDIUM
1.69,5,24.7,41.3,LOW
13.48,86,32.8,80.8,HIGH
3.47,20,30.9,37.7,LOW
8.55,85,41.0,86.6,HIGH
2.69,18,28.3,37.5,LOW
8.09,22,33.2,74.5,MEDIUM
2.55,17,22.5,41.5,LOW
3.86,12,25.7,57.7,LOW
1.03,11,21.5,46.4,LOW
3.45,6,22.7,47.5,LOW
6.54,40,29.9,66.3,MEDIUM
1.14,4,27.1,48.0,LOW
5.4,51,31.3,77.7,MEDIUM
1.05,9,21.5,55.0,LOW
5.96,36,30.0,67.1,MEDIUM
4.34,63,30.2,65.1,MEDIUM
4.04,0,25.8,54.2,LOW
6.58,54,34.7,66.7,MEDIUM
6.12,38,35.8,75.5,MEDIUM
1.87,0,30.2,48.6,LOW
4.13,44,36.2,78.5,MEDIUM
5.38,21,30.6,68.9,MEDIUM
0.94,7,26.5,50.7,LOW
16.75,108,44.8,85.0,HIGH
5.65,54,29.1,48.7,MEDIUM
3.96,23,24.2,45.6,LOW
7.81,42,26.6,53.5,MEDIUM
11.64,68,39.4,63.9,HIGH
3.37,11,30.8,43.4,LOW
2.51,44,27.4,59.8,MEDIUM
6.9,39,30.4,71.5,MEDIUM
2.67,15,27.4,56.9,LOW
3.1,8,25.5,51.6,LOW
2.09,11,25.2,42.2,LOW
1.79,7,27.3,58.1,LOW
12.25,74,41.6,72.4,HIGH
6.27,31,30.1,59.7,MEDIUM
15.07,66,39.0,68.1,HIGH
15.83,98,34.9,62.6,HIGH
3.7,11,29.8,34.4,LOW
2.06,14,25.8,38.4,LOW
10.12,81,37.9,85.2,HIGH
5.27,52,34.8,72.1,MEDIUM
4.54,39,33.6,79.7,MEDIUM
1.12,9,30.8,53.7,LOW
2.18,6,29.6,42.6,LOW
0.95,15,26.0,47.4,LOW
0.52,21,25.5,45.0,LOW
0.28,17,31.0,47.3,LOW
3.78,61,27.7,60.2,MEDIUM
2.12,13,20.6,47.6,LOW
14.36,145,44.6,87.2,HIGH
15.38,145,37.9,76.4,HIGH
0.85,13,27.6,40.1,LOW
3.06,12,24.1,41.2,LOW
2.47,7,29.7,49.6,LOW
1.38,14,25.5,38.4,LOW
1.59,13,29.3,44.9,LOW
5.3,32,32.6,84.7,MEDIUM
9.76,63,40.0,89.2,HIGH
5.02,23,35.0,71.2,MEDIUM
3.75,21,29.0,48.9,LOW
18.9,141,40.0,87.2,HIGH
5.5,36,33.2,66.0,MEDIUM
9.01,87,40.1,77.4,HIGH
1.69,19,23.3,46.8,LOW
1.57,13,19.6,47.8,LOW
8.16,30,30.8,72.4,MEDIUM
4.9,50,32.7,76.9,MEDIUM
2.42,9,22.4,46.9,LOW
7.41,44,25.1,63.6,MEDIUM
16.03,99,42.5,76.2,HIGH
3.32,16,20.2,47.1,LOW
1.13,11,24.5,40.0,LOW
2.19,19,26.9,39.4,LOW
4.9,43,35.7,66.6,MEDIUM
9.27,39,28.3,71.5,MEDIUM
9.05,52,32.7,75.1,HIGH
2.67,10,29.0,46.6,LOW
1.93,14,25.8,51.7,LOW
1.6,4,27.2,55.3,LOW
2.08,2,27.2,51.5,LOW
1.38,12,29.3,57.8,LOW
0.1,11,25.2,54.7,LOW
4.65,42,28.8,53.4,MEDIUM
2.74,42,25.8,47.8,MEDIUM
2.93,48,26.0,52.9,MEDIUM
1.6,18,21.0,48.4,LOW
4.14,22,23.9,37.4,LOW
6.82,30,32.5,64.6,MEDIUM
2.55,58,27.6,45.0,MEDIUM
0.94,16,23.5,50.3,LOW
6.15,26,35.5,74.3,MEDIUM
17.64,83,44.9,81.7,HIGH
22.11,75,30.7,66.2,HIGH
3.99,25,33.1,74.6,MEDIUM
1.9,6,20.4,50.5,LOW
1.5,12,28.6,33.4,LOW
7.76,16,28.0,51.5,MEDIUM
2.58,16,30.6,58.0,LOW
9.02,129,39.4,82.9,HIGH
3.05,9,29.6,46.8,LOW
6.83,20,33.6,58.7,MEDIUM
18.56,84,38.1,81.8,HIGH
6.62,47,29.5,61.9,HIGH
17.26,95,40.8,76.4,HIGH
3.83,15,27.1,37.1,LOW
2.11,12,23.1,63.3,LOW
5.84,62,30.2,68.9,MEDIUM
2.97,14,20.9,49.9,LOW
7.44,40,29.7,72.2,MEDIUM
4.93,37,33.5,72.7,MEDIUM
1.02,14,21.3,54.9,LOW
3.65,11,23.2,61.2,LOW
0.25,22,23.2,45.3,LOW
3.08,18,22.5,45.4,LOW
0.77,10,25.3,49.6,LOW
17.68,79,37.5,77.2,HIGH
2.05,16,24.0,46.4,LOW
4.89,44,31.6,69.9,MEDIUM
3.76,9,21.9,37.0,LOW
11.6,72,37.4,69.3,HIGH
24.38,118,39.5,94.6,HIGH
7.21,42,31.4,76.5,MEDIUM
5.25,25,38.9,77.9,MEDIUM
11.38,91,40.5,84.9,HIGH
2.59,41,29.3,58.1,MEDIUM
4.63,45,32.2,62.8,MEDIUM
13.18,101,31.3,84.9,HIGH
6.16,46,31.1,64.2,MEDIUM
5.94,42,33.1,65.1,MEDIUM
4.13,57,26.5,66.0,MEDIUM
2.95,12,28.2,57.5,LOW
7.23,30,35.6,67.6,MEDIUM
12.9,92,35.5,78.1,HIGH
3.76,6,23.3,40.9,LOW
1.7,16,26.6,44.8,LOW
6.04,43,31.4,72.2,MEDIUM
3.32,4,30.2,46.4,LOW
1.07,10,22.9,63.7,LOW
6.92,33,31.1,74.6,MEDIUM
1.66,18,25.6,41.3,LOW
3.04,24,33.7,80.2,MEDIUM
6.49,42,33.0,79.0,MEDIUM
3.21,16,27.9,39.7,LOW
1.1,4,21.0,43.4,LOW
3.56,2,22.1,53.6,LOW
7.05,49,30.1,50.6,MEDIUM
6.23,41,28.4,65.3,MEDIUM
5.04,48,25.5,50.7,MEDIUM
3.46,4,26.4,51.5,LOW
3.34,23,19.3,46.6,LOW
1.59,6,19.2,41.7,LOW
15.92,87,37.8,89.5,HIGH
11.18,129,34.4,71.8,HIGH
13.79,83,40.2,81.7,HIGH
17.02,141,44.9,88.4,HIGH
1.84,12,29.0,45.0,LOW
3.23,13,28.0,38.8,LOW
5.78,43,26.7,68.5,MEDIUM
10.11,97,41.6,80.6,HIGH
7.07,42,29.3,71.8,MEDIUM
3.62,46,31.3,52.2,MEDIUM
23.76,98,40.3,91.0,HIGH
2.11,17,28.2,55.4,LOW
14.87,115,35.5,82.5,HIGH
0.46,9,30.2,34.9,LOW
4.93,51,25.2,61.8,MEDIUM
1.52,16,26.0,49.9,LOW
5.6,40,32.4,79.9,MEDIUM
8.49,150,33.4,70.9,HIGH
14.1,65,30.1,87.6,HIGH
1.75,12,28.0,55.1,LOW
24.11,113,37.2,76.1,HIGH
1.23,14,31.3,55.8,LOW
4.54,34,33.4,77.8,MEDIUM
10.16,124,35.4,87.9,HIGH
17.8,92,41.0,91.8,HIGH
5.01,53,25.1,67.9,MEDIUM
3.69,8,29.7,52.4,LOW
19.78,65,32.6,65.6,HIGH
0.92,23,25.6,46.5,LOW
2.24,9,28.0,52.6,LOW
2.72,7,23.9,55.4,LOW
2.75,51,31.1,48.9,MEDIUM
10.93,53,41.4,76.2,HIGH
1.56,17,25.7,46.0,LOW
18.46,57,35.6,81.0,HIGH
4.79,43,33.4,74.9,MEDIUM
0.49,22,25.0,40.6,LOW
7.42,43,29.6,71.9,MEDIUM
1.03,9,30.3,59.9,LOW
2.82,9,26.9,43.2,LOW
7.15,14,33.5,61.5,MEDIUM
1.63,14,23.4,61.1,LOW
4.27,8,28.9,40.0,LOW
8.06,23,25.8,70.3,MEDIUM
6.2,37,38.4,80.1,MEDIUM
4.81,40,24.1,60.5,MEDIUM
2.79,18,28.7,38.4,LOW
1.99,7,29.0,35.2,LOW
4.53,41,34.9,71.8,MEDIUM
3.45,24,29.4,57.6,LOW
5.28,37,36.0,76.9,MEDIUM
3.72,39,31.8,51.9,MEDIUM
1.12,13,25.9,55.9,LOW
6.06,35,31.7,71.0,MEDIUM
12.82,89,31.8,88.4,HIGH
7.49,54,32.8,73.0,MEDIUM
16.65,85,35.9,94.7,HIGH
3.26,14,30.7,38.4,LOW
21.37,126,36.0,91.1,HIGH
14.25,102,34.0,85.5,HIGH
2.39,10,24.9,57.9,LOW
1.82,7,27.7,55.0,LOW
16.48,50,39.6,87.6,HIGH
3.33,10,22.4,57.3,LOW
0.67,19,26.8,48.3,LOW
0.86,18,28.7,37.3,LOW
24.86,119,36.7,79.3,HIGH
1.11,19,24.4,45.4,LOW
2.82,9,20.6,55.1,LOW
0.88,17,25.7,42.2,LOW
1.35,6,25.8,53.5,LOW
5.75,21,25.8,65.3,MEDIUM
3.49,8,23.7,56.7,LOW
6.93,11,27.3,64.1,MEDIUM
3.01,5,21.5,55.2,LOW
4.33,57,26.2,63.7,MEDIUM
8.51,33,31.9,59.8,MEDIUM
15.46,91,45.0,75.5,HIGH
7.41,30,35.1,76.2,MEDIUM
3.12,15,21.0,55.6,LOW
21.97,134,38.1,79.5,HIGH
0.81,13,20.6,53.9,LOW
3.15,11,25.7,44.2,LOW
1.33,18,17.7,61.2,LOW
2.9,19,25.6,38.0,LOW
13.42,59,33.8,77.9,HIGH
4.05,16,29.9,53.4,LOW
8.45,36,32.6,58.4,MEDIUM
2.63,14,31.3,61.4,LOW
15.37,133,39.3,69.5,HIGH
2.04,9,28.6,48.4,LOW
6.01,52,31.8,64.5,MEDIUM
5.7,38,34.3,75.6,MEDIUM
11.93,131,38.7,76.1,HIGH
0.74,5,29.9,37.7,LOW
9.34,78,39.4,74.0,HIGH
1.19,13,28.4,50.2,LOW
5.89,41,29.1,72.2,MEDIUM
13.49,143,41.4,86.2,HIGH
20.03,64,31.6,77.8,HIGH
6.07,26,32.2,82.9,MEDIUM
16.3,97,41.0,65.0,HIGH
3.27,7,23.4,46.8,LOW
2.72,13,25.2,54.0,LOW
2.47,9,23.2,36.4,LOW
1.74,24,27.9,61.1,LOW
3.21,26,35.8,81.9,MEDIUM
5.01,45,32.2,63.1,MEDIUM
4.73,51,35.9,72.3,MEDIUM
3.55,1,20.4,43.9,LOW
3.64,10,21.2,41.0,LOW
13.6,83,36.5,82.8,HIGH
2.27,16,22.6,53.9,LOW
2.74,51,28.3,65.8,MEDIUM
1.75,10,30.1,53.5,LOW
19.03,101,33.8,76.7,HIGH
6.53,29,30.1,73.8,MEDIUM
1.37,4,28.4,42.1,LOW
10.87,138,34.2,61.4,HIGH
2.61,0,30.0,46.2,LOW
1.42,1,28.0,44.4,LOW
4.42,31,25.4,68.8,MEDIUM
4.93,33,37.1,79.0,MEDIUM
1.14,2,18.9,39.5,LOW
15.58,83,38.5,71.1,HIGH
2.02,3,21.8,40.6,LOW
0.9,22,23.1,35.0,LOW
7.57,42,25.1,70.0,MEDIUM
2.66,11,28.7,46.5,LOW
5.13,67,29.4,57.1,MEDIUM
3.74,20,23.3,34.7,LOW
0.98,10,23.2,52.9,LOW
5.44,50,35.0,77.0,MEDIUM
0.86,5,25.7,56.3,LOW
5.64,54,29.8,62.6,MEDIUM
4.17,26,34.2,75.1,MEDIUM
2.47,15,19.8,50.5,LOW
2.26,12,21.6,35.4,LOW
1.43,12,26.3,54.2,LOW
5.2,32,31.7,75.1,MEDIUM
6.92,42,29.4,65.4,MEDIUM
3.13,38,32.8,73.7,MEDIUM
2.97,54,29.2,64.7,MEDIUM
3.35,12,23.5,61.2,LOW
5.23,53,35.5,76.1,MEDIUM
2.5,14,25.1,35.4,LOW
16.62,92,35.2,86.8,HIGH
3.52,11,22.0,44.8,LOW
17.57,71,39.6,81.7,HIGH
3.83,39,32.2,52.1,MEDIUM
3.28,44,28.3,50.2,MEDIUM
2.91,7,22.4,57.7,LOW
3.45,12,24.9,49.7,LOW
21.71,84,33.3,81.2,HIGH
0.62,10,24.2,53.9,LOW
4.02,14,23.0,46.6,LOW
3.09,16,22.4,54.7,LOW
3.36,40,36.6,81.5,MEDIUM
13.1,143,39.1,78.2,HIGH
1.21,8,24.5,54.6,LOW
0.62,5,24.4,47.3,LOW
3.85,20,32.5,82.2,MEDIUM
4.78,35,34.4,72.1,MEDIUM
15.09,109,35.2,85.7,HIGH
1.72,17,27.1,48.7,LOW
1.65,12,30.3,51.7,LOW
2.93,20,25.1,48.4,LOW
3.47,7,30.6,56.1,LOW
15.89,139,39.0,86.0,HIGH
7.37,42,32.5,65.2,MEDIUM
1.93,18,28.1,40.1,LOW
12.7,70,28.1,66.5,HIGH
5.06,49,29.3,66.2,MEDIUM
1.85,17,30.1,38.5,LOW
5.02,48,29.9,57.8,MEDIUM
2.75,9,21.9,47.4,LOW
14.82,68,33.8,76.9,HIGH
6.92,118,30.1,70.1,HIGH
4.34,9,31.3,54.6,LOW
17.96,97,32.1,89.3,HIGH
0.17,12,26.4,63.8,LOW
2.1,6,29.8,49.0,LOW
1.13,11,30.3,48.4,LOW
21.32,125,38.0,93.1,HIGH
2.74,9,29.6,42.7,LOW
1.26,19,22.5,48.0,LOW
3.71,19,27.8,47.6,LOW
2.43,14,24.9,37.2,LOW
3.89,8,28.8,61.3,LOW
3.34,24,38.0,83.3,MEDIUM
2.67,14,22.0,59.0,LOW
2.77,6,20.2,41.1,LOW
2.99,14,29.7,41.2,LOW
6.77,31,30.5,74.9,MEDIUM
3.36,48,32.3,53.5,MEDIUM
0.75,13,23.1,38.9,LOW
5.79,19,26.8,58.0,MEDIUM
1.73,25,28.5,42.8,LOW
7.3,33,30.6,69.7,MEDIUM
2.09,1,22.1,52.4,LOW
7.96,30,31.9,57.6,MEDIUM
0.85,6,31.9,39.7,LOW
5.12,53,27.9,68.6,MEDIUM
5.88,49,30.4,77.4,MEDIUM
2.54,10,30.9,37.7,LOW
1.29,12,20.9,50.8,LOW
5.76,55,31.7,56.8,MEDIUM
13.57,105,32.2,72.1,HIGH
1.05,5,30.9,33.8,LOW
1.86,18,22.2,54.0,LOW
2.98,56,32.6,50.0,MEDIUM
1.51,10,22.1,47.5,LOW
1.7,12,21.6,42.1,LOW
14.69,144,35.1,66.7,HIGH
3.09,4,25.4,38.8,LOW
1.65,7,32.3,44.7,LOW
1.12,5,27.1,52.0,LOW
12.12,63,35.5,76.3,HIGH
2.96,16,25.0,52.4,LOW
6.32,34,36.8,80.8,MEDIUM
2.39,59,25.3,53.4,MEDIUM
14.58,117,34.6,66.1,HIGH
3.27,42,24.5,59.4,MEDIUM
3.26,15,28.6,55.4,LOW
4.35,34,32.1,58.0,MEDIUM
7.37,29,30.7,62.7,MEDIUM
3.33,3,24.7,50.8,LOW
0.5,7,25.0,60.5,LOW
4.83,42,30.1,64.4,MEDIUM
5.44,37,32.5,84.9,MEDIUM
3.1,48,30.7,59.8,MEDIUM
4.54,47,31.9,72.7,MEDIUM
24.48,120,44.5,78.6,HIGH
7.16,31,31.6,68.5,MEDIUM
3.3,53,25.4,60.2,MEDIUM
1.2,14,21.9,45.2,LOW
1.65,16,26.4,53.9,LOW
17.03,64,38.8,85.0,HIGH
6.93,37,32.6,65.9,MEDIUM
20.21,119,42.8,77.8,HIGH
4.68,22,35.4,73.7,MEDIUM
6.14,33,29.6,65.4,MEDIUM
5.19,42,31.4,63.6,MEDIUM
1.46,15,22.4,40.2,LOW
0.69,3,27.4,49.5,LOW
6.67,38,29.8,64.8,MEDIUM
3.17,3,27.1,40.5,LOW
7.38,108,36.3,82.5,HIGH
4.59,25,38.1,72.0,MEDIUM
5.44,57,28.0,51.2,MEDIUM
1.02,20,27.2,53.2,LOW
6.6,37,31.6,68.9,MEDIUM
3.51,3,20.8,49.7,LOW
3.34,7,25.1,44.8,LOW
14.46,86,35.8,61.3,HIGH
6.15,29,26.6,54.2,MEDIUM
1.04,13,29.0,53.1,LOW
19.2,79,36.1,85.2,HIGH
14.66,103,34.0,81.4,HIGH
4.83,40,37.9,75.2,MEDIUM
1.82,3,24.6,57.0,LOW
2.92,41,26.5,51.6,MEDIUM
4.85,32,33.5,78.9,MEDIUM
6.25,21,30.7,74.9,MEDIUM
1.27,11,28.7,51.8,LOW
12.02,110,28.7,62.4,HIGH
3.05,48,32.2,66.9,MEDIUM
2.12,6,22.4,61.7,LOW
2.45,4,28.4,52.7,LOW
4.8,30,34.8,79.8,MEDIUM
1.71,14,23.3,35.8,LOW
3.41,10,19.9,50.0,LOW
4.33,48,31.7,69.8,MEDIUM
0.82,15,28.0,49.6,LOW
4.88,33,30.1,65.6,MEDIUM
3.64,23,28.4,42.7,LOW
6.28,44,33.8,80.2,MEDIUM
1.42,18,22.9,40.5,LOW
4.02,55,32.6,51.4,MEDIUM
5.32,34,38.7,75.1,MEDIUM
4.29,20,36.5,70.6,MEDIUM
10.73,87,33.6,83.8,HIGH
4.69,44,27.3,70.4,MEDIUM
4.92,39,37.6,83.1,MEDIUM
2.98,0,30.3,49.6,LOW
0.96,7,20.5,45.9,LOW
0.88,10,25.5,47.2,LOW
5.17,42,32.2,81.7,MEDIUM
4.52,41,25.3,66.4,MEDIUM
1.93,14,20.5,50.7,LOW
1.03,12,22.9,53.3,LOW
2.88,52,24.9,47.0,MEDIUM
3.87,19,29.5,46.1,LOW
21.11,60,38.6,72.2,HIGH
2.4,11,31.3,40.0,LOW
6.75,54,34.8,74.4,MEDIUM
21.25,89,34.3,67.1,HIGH
14.5,82,38.9,81.1,HIGH
2.64,13,21.0,48.9,LOW
23.68,149,38.7,89.1,HIGH
4.88,34,35.9,77.0,MEDIUM
4.35,43,38.2,70.5,MEDIUM
9.71,79,39.2,72.1,HIGH
3.03,17,30.1,56.9,LOW
5.87,59,30.4,55.8,MEDIUM
2.41,18,30.0,38.0,LOW
3.94,5,27.0,36.9,LOW
0.1,17,22.6,53.1,LOW
12.43,102,38.6,91.7,HIGH
2.04,23,31.2,55.3,LOW
16.95,92,37.0,69.7,HIGH
4.68,44,31.9,66.9,MEDIUM
3.14,48,25.5,57.1,MEDIUM
16.75,93,35.1,65.3,HIGH
3.21,9,27.2,43.6,LOW
17.27,121,37.5,80.6,HIGH
5.61,30,33.5,83.8,MEDIUM
1.7,13,21.0,57.4,LOW
3.18,13,27.9,54.9,LOW
2.09,14,29.2,52.8,LOW
15.66,123,29.0,84.4,HIGH
3.7,12,28.3,44.8,LOW
5.84,22,32.9,69.2,MEDIUM
14.72,106,30.5,85.3,HIGH
3.54,10,27.8,42.2,LOW
4.51,31,35.9,77.2,MEDIUM
21.95,109,34.7,71.9,HIGH
3.28,20,23.6,44.2,LOW
3.53,4,29.7,36.5,LOW
0.8,14,31.4,55.6,LOW
3.02,10,30.7,52.1,LOW
3.4,26,36.5,72.3,MEDIUM
8.06,21,34.0,50.7,MEDIUM
3.38,15,28.0,46.4,LOW
2.77,9,21.7,37.4,LOW
2.81,58,29.6,64.4,MEDIUM
8.5,144,37.8,69.1,HIGH
7.52,24,31.6,57.4,MEDIUM
4.81,36,36.0,84.2,MEDIUM
2.37,4,24.1,58.0,LOW
3.75,10,26.2,60.3,LOW
3.05,13,19.2,37.9,LOW
6.81,17,28.6,54.4,MEDIUM
0.49,11,28.8,52.9,LOW
1.21,8,25.3,55.4,LOW
13.68,132,39.0,89.8,HIGH
1.85,19,23.0,40.4,LOW
0.11,17,27.5,40.7,LOW
14.35,82,32.4,66.8,HIGH
6.89,41,32.3,68.6,MEDIUM
7.07,42,33.7,73.1,MEDIUM
1.35,21,19.7,60.8,LOW
3.9,11,25.6,43.2,LOW
2.21,22,29.2,44.7,LOW
1.79,20,22.5,39.9,LOW
7.87,22,27.7,50.9,MEDIUM
2.98,10,27.5,54.2,LOW
6.31,26,37.2,77.6,MEDIUM
1.1,4,25.6,50.0,LOW
3.21,11,25.5,45.9,LOW
2.38,18,23.5,46.3,LOW
0.88,8,28.2,42.3,LOW
2.6,56,27.7,59.8,MEDIUM
10.27,92,30.9,67.5,HIGH
9.89,76,37.6,89.8,HIGH
15.54,144,44.0,92.3,HIGH
3.44,24,37.5,79.4,MEDIUM
2.98,0,31.1,47.5,LOW
4.71,41,28.1,52.0,MEDIUM
2.19,48,24.9,68.4,MEDIUM
4.85,49,35.8,63.4,MEDIUM
3.16,49,30.7,47.1,MEDIUM
3.85,10,28.3,47.8,LOW
4.81,46,28.8,51.5,MEDIUM
1.7,15,30.2,55.2,LOW
2.67,17,22.0,31.5,LOW
7.82,26,31.2,56.1,MEDIUM
2.45,11,27.4,37.4,LOW
6.23,41,38.5,73.0,MEDIUM
5.51,24,32.6,64.1,MEDIUM
5.14,31,38.6,74.3,MEDIUM
15.38,137,28.7,86.1,HIGH
1.38,21,29.4,59.9,LOW
4.04,37,33.5,64.7,MEDIUM
21.15,99,35.8,93.3,HIGH
4.76,67,24.8,45.9,MEDIUM
19.39,58,33.4,73.2,HIGH
3.96,1,23.2,43.2,LOW
16.79,80,43.6,92.2,HIGH
7.46,42,33.5,68.1,MEDIUM
23.04,82,36.4,77.9,HIGH
2.45,16,26.8,43.3,LOW
16.91,68,38.5,79.5,HIGH
21.72,59,35.6,70.2,HIGH
1.19,18,25.0,45.7,LOW
6.69,103,36.3,70.4,HIGH
6.12,29,31.9,59.9,MEDIUM
3.01,8,21.3,42.7,LOW
3.68,19,25.9,42.5,LOW
5.65,38,35.6,64.0,MEDIUM
2.11,63,24.7,66.3,MEDIUM
24.36,136,37.8,77.5,HIGH
1.88,14,26.0,44.2,LOW
17.49,130,36.1,92.8,HIGH
10.49,132,33.4,60.8,HIGH
6.72,32,27.5,71.7,MEDIUM
3.26,2,26.7,39.1,LOW
3.93,9,28.0,46.7,LOW
3.02,10,27.2,61.6,LOW
2.3,12,24.6,39.2,LOW
18.44,91,44.8,90.2,HIGH
2.5,17,19.7,38.2,LOW
2.28,4,23.7,42.4,LOW
6.06,31,33.4,70.6,MEDIUM
0.69,4,28.3,42.9,LOW
7.31,53,34.5,72.2,MEDIUM
2.77,61,30.2,46.5,MEDIUM
3.18,62,28.2,60.0,MEDIUM
3.52,57,29.9,56.9,MEDIUM
7.12,41,29.3,73.5,MEDIUM
2.43,6,21.8,48.3,LOW
8.56,35,32.2,64.0,MEDIUM
16.7,61,30.2,75.8,HIGH
2.35,12,20.4,38.0,LOW
2.52,7,19.4,62.3,LOW
4.02,7,25.0,45.1,LOW
24.66,114,44.2,84.7,HIGH
0.87,13,27.3,60.5,LOW
2.51,13,24.2,57.5,LOW
3.09,1,26.9,43.8,LOW
1.44,14,28.3,63.1,LOW
3.0,22,29.6,40.3,LOW
3.09,10,22.6,43.7,LOW
8.29,87,28.0,61.7,HIGH
2.49,24,28.5,45.2,LOW
5.12,47,29.9,62.2,MEDIUM
3.62,25,37.0,78.1,MEDIUM
2.4,40,32.5,57.4,MEDIUM
2.31,15,28.9,49.8,LOW
0.61,6,25.5,54.6,LOW
1.12,14,28.0,48.3,LOW
12.3,85,40.1,78.7,HIGH
1.25,9,22.4,42.6,LOW
6.08,20,38.0,71.3,MEDIUM
0.41,9,24.6,57.2,LOW
0.9,20,27.0,40.6,LOW
3.72,72,32.5,46.4,MEDIUM
2.83,23,26.8,61.5,LOW
3.87,19,20.2,36.6,LOW
15.1,62,29.0,87.1,HIGH
1.04,11,25.1,35.8,LOW
7.97,24,29.9,74.1,MEDIUM
2.92,6,22.6,61.4,LOW
1.61,11,29.7,49.5,LOW
10.45,89,44.2,83.5,HIGH
1.82,27,22.2,44.1,LOW
1.65,4,24.5,50.2,LOW
6.81,90,36.0,82.6,HIGH
7.43,27,28.6,70.0,MEDIUM
2.5,18,23.5,35.6,LOW
0.68,10,21.3,42.9,LOW
2.88,17,28.5,61.7,LOW
2.39,8,32.4,53.2,LOW
2.89,8,22.5,47.4,LOW
6.49,50,33.1,65.6,MEDIUM
0.8,11,23.6,41.7,LOW
0.58,14,23.9,42.5,LOW
4.59,43,25.6,48.3,MEDIUM
5.66,42,25.2,62.5,MEDIUM
11.3,73,38.2,61.0,HIGH
4.88,22,35.1,71.6,MEDIUM
1.15,11,21.9,34.9,LOW
3.43,13,30.2,46.3,LOW
1.24,11,24.2,61.1,LOW
8.88,82,37.0,91.2,HIGH
2.14,67,26.7,54.1,MEDIUM
4.58,42,25.4,56.5,MEDIUM
1.93,7,22.9,51.0,LOW
2.59,16,24.4,36.5,LOW
11.61,78,38.7,80.5,HIGH
3.09,10,25.6,35.9,LOW
6.2,16,29.7,57.0,MEDIUM
4.22,24,37.0,75.2,MEDIUM
5.37,66,28.4,65.5,MEDIUM
6.13,46,32.5,70.6,MEDIUM
3.43,57,30.1,61.1,MEDIUM
3.7,43,38.5,75.5,MEDIUM
5.05,30,28.4,62.0,MEDIUM
5.76,48,32.7,71.3,MEDIUM
5.28,21,32.4,84.1,MEDIUM
3.11,8,26.1,51.5,LOW
5.36,20,33.0,73.4,MEDIUM
10.94,83,28.8,85.5,HIGH
19.99,92,41.1,81.1,HIGH
13.44,88,33.9,85.7,HIGH
2.24,8,25.8,39.0,LOW
3.55,19,23.2,57.5,LOW
2.85,11,21.3,60.5,LOW
0.32,5,27.2,60.1,LOW
5.63,28,29.4,70.3,MEDIUM
1.55,11,20.5,37.6,LOW
4.62,41,37.9,84.8,MEDIUM
5.49,38,33.4,70.1,MEDIUM
6.53,31,33.9,69.3,MEDIUM
3.1,5,22.9,35.3,LOW
5.1,43,32.1,75.0,MEDIUM
12.94,88,38.6,68.6,HIGH
6.37,47,26.2,61.9,MEDIUM
15.57,55,33.5,73.1,HIGH
3.8,11,23.8,50.8,LOW
3.99,8,22.3,46.4,LOW
15.11,95,31.5,61.9,HIGH
2.94,12,23.8,44.8,LOW
0.81,0,23.0,41.7,LOW
5.81,52,33.0,74.4,MEDIUM
1.28,23,20.3,36.3,LOW
2.28,14,22.3,35.8,LOW
0.58,4,19.9,39.4,LOW
13.57,101,35.8,63.0,HIGH
5.64,37,31.3,73.0,MEDIUM
1.95,5,24.5,45.5,LOW
0.59,18,24.1,37.8,LOW
19.43,100,41.1,82.2,HIGH
3.32,11,22.1,44.7,LOW
5.62,52,29.9,68.8,MEDIUM
1.36,14,30.4,59.9,LOW
6.62,35,31.0,64.3,MEDIUM
2.34,22,22.9,58.2,LOW
14.38,94,35.3,70.3,HIGH
3.69,25,37.5,79.2,MEDIUM
3.97,13,30.7,56.3,LOW
7.1,36,34.8,62.2,MEDIUM
10.98,96,37.4,94.3,HIGH
3.21,4,21.8,45.2,LOW
4.35,59,31.9,49.8,MEDIUM
1.65,5,25.6,41.4,LOW
3.3,18,27.3,36.8,LOW
4.63,38,32.8,70.6,MEDIUM
2.38,15,27.8,44.5,LOW
2.98,12,28.9,38.8,LOW
3.68,32,35.6,79.4,MEDIUM
12.68,151,29.1,61.9,HIGH
15.39,116,35.4,77.6,HIGH
1.17,8,25.8,40.1,LOW
15.1,98,35.8,77.4,HIGH
7.79,13,31.8,61.4,MEDIUM
11.49,89,40.8,79.2,HIGH
5.99,63,25.4,61.4,MEDIUM
3.24,19,27.8,49.9,LOW
21.47,61,39.3,73.2,HIGH
0.48,15,31.3,63.5,LOW
15.83,97,41.6,85.8,HIGH
